,MolecularWeight,num_of_atoms,num_of_heavy_atoms,num_of_C_atoms,num_of_O_atoms,num_of_N_atoms,PolarA,PolarB,TopoCharge,VdW,AromaticA,AromaticB,HBondAcceptorCount,HBondDonorCount,XLogP,TPSA,Sulphur atoms
fruity,172.13790592930445,29.37970353477765,12.091220068415051,10.055872291904219,1.9064994298745723,0.03876852907639681,30.15403587913341,19.858240061573543,0.4182012284190422,188.48667042446408,1.2519954389965793,1.25769669327252,3.2461754346852905,10.948278790285062,11.940313544166477,211.01402989684152,0.09007981755986318
savory,151.35400207468882,23.384508990318118,10.186721991701244,8.057399723374827,1.4280774550484094,0.22475795297372061,25.030413286307056,15.947719493775935,0.4084549591002767,154.8572828831812,2.335408022130014,2.3457814661134164,3.047034702278008,10.083229377197787,10.795729953641771,194.17614748388658,0.47648686030428766
green,164.08879049676025,28.309935205183585,11.420086393088553,9.59827213822894,1.509719222462203,0.13174946004319654,29.169868812095032,19.29798431965443,0.3763329637138229,180.46266055174948,1.4416846652267818,1.4438444924406046,3.3775770575680344,11.540980520985963,12.721678640123109,222.52843330646868,0.18034557235421167
